"","UF","Safra","Area","ProdutAlgCar","ProdutPluma","ProdutCarAlg","RendPluma","ProducAlgCar","ProducPluma","ProducCarAlg"
"1","RR","2000.01","0","0","0","0","0","0","0","0"
"2","RO","2000.01","2.6","1355","461.538461538461","884.615384615384","34.2857142857143","3.5","1.2","2.3"
"3","AC","2000.01","0","0","0","0","0","0","0","0"
"4","AM","2000.01","0","0","0","0","0","0","0","0"
"5","AP","2000.01","0","0","0","0","0","0","0","0"
"6","PA","2000.01","0","0","0","0","0","0","0","0"
"7","TO","2000.01","0","0","0","0","0","0","0","0"
"8","MA","2000.01","2.4","3300","1208.33333333333","2083.33333333333","36.7088607594937","7.9","2.9","5"
"9","PI","2000.01","8.1","300","98.7654320987654","197.530864197531","33.3333333333333","2.4","0.8","1.6"
"10","CE","2000.01","29.4","410","136.054421768707","275.510204081633","33.0578512396694","12.1","4","8.1"
"11","RN","2000.01","19.7","180","60.9137055837563","121.827411167513","33.3333333333333","3.6","1.2","2.4"
"12","PB","2000.01","8.4","350","119.047619047619","238.095238095238","33.3333333333333","3","1","2"
"13","PE","2000.01","7.3","350","109.58904109589","232.876712328767","32","2.5","0.8","1.7"
"14","AL","2000.01","21","600","200","400","33.3333333333333","12.6","4.2","8.4"
"15","SE","2000.01","0.3","0","0","0","0","0","0","0"
"16","BA","2000.01","55","2900","1116.36363636364","1783.63636363636","38.4952978056426","159.5","61.4","98.1"
"17","MT","2000.01","392","3510","1361.98979591837","2148.21428571429","38.8008720930233","1376","533.9","842.1"
"18","MS","2000.01","50.4","3425","1319.44444444444","2107.14285714286","38.5060799073538","172.7","66.5","106.2"
"19","GO","2000.01","97.6","3000","1140.36885245902","1859.63114754098","38.0122950819672","292.8","111.3","181.5"
"20","DF","2000.01","1.5","3450","1333.33333333333","2133.33333333333","38.4615384615385","5.2","2","3.2"
"21","MG","2000.01","38.6","2060","761.658031088083","1297.9274611399","36.9811320754717","79.5","29.4","50.1"
"22","ES","2000.01","0","0","0","0","0","0","0","0"
"23","RJ","2000.01","0","0","0","0","0","0","0","0"
"24","SP","2000.01","65.7","2500","913.24200913242","1587.51902587519","36.5185636031649","164.3","60","104.3"
"25","PR","2000.01","68.4","2385","850.877192982456","1533.62573099415","35.683629675046","163.1","58.2","104.9"
"26","SC","2000.01","0","0","0","0","0","0","0","0"
"27","RS","2000.01","0","0","0","0","0","0","0","0"
"28","RR","2001.02","0","0","0","0","0","0","0","0"
"29","RO","2001.02","0","0","0","0","0","0","0","0"
"30","AC","2001.02","0","0","0","0","0","0","0","0"
"31","AM","2001.02","0","0","0","0","0","0","0","0"
"32","AP","2001.02","0","0","0","0","0","0","0","0"
"33","PA","2001.02","0","0","0","0","0","0","0","0"
"34","TO","2001.02","0.3","3000","1000","2000","33.3333333333333","0.9","0.3","0.6"
"35","MA","2001.02","3.1","2700","1000","1709.67741935484","36.9047619047619","8.4","3.1","5.3"
"36","PI","2001.02","8.9","330","112.359550561798","213.483146067416","34.4827586206897","2.9","1","1.9"
"37","CE","2001.02","20.3","800","266.009852216749","532.019704433498","33.3333333333333","16.2","5.4","10.8"
"38","RN","2001.02","19.7","595","197.969543147208","395.939086294416","33.3333333333333","11.7","3.9","7.8"
"39","PB","2001.02","10.2","850","284.313725490196","568.627450980392","33.3333333333333","8.7","2.9","5.8"
"40","PE","2001.02","8","530","175","350","33.3333333333333","4.2","1.4","2.8"
"41","AL","2001.02","17","530","176.470588235294","352.941176470588","33.3333333333333","9","3","6"
"42","SE","2001.02","0","0","0","0","0","0","0","0"
"43","BA","2001.02","70.2","2520","970.08547008547","1549.85754985755","38.496325607688","176.9","68.1","108.8"
"44","MT","2001.02","312.8","3225","1250.95907928389","1974.10485933504","38.7886597938144","1008.8","391.3","617.5"
"45","MS","2001.02","45.4","3570","1374.44933920705","2196.03524229075","38.4947563232572","162.1","62.4","99.7"
"46","GO","2001.02","91.7","2910","1105.77971646674","1803.70774263904","38.0059970014993","266.8","101.4","165.4"
"47","DF","2001.02","1.6","3525","1375","2125","39.2857142857143","5.6","2.2","3.4"
"48","MG","2001.02","37.8","2195","812.169312169312","1383.59788359788","36.9879518072289","83","30.7","52.3"
"49","ES","2001.02","0","0","0","0","0","0","0","0"
"50","RJ","2001.02","0","0","0","0","0","0","0","0"
"51","SP","2001.02","63.1","2520","920.760697305864","1599.04912836767","36.5408805031447","159","58.1","100.9"
"52","PR","2001.02","37.6","2310","824.468085106383","1486.70212765957","35.6731875719218","86.9","31","55.9"
"53","SC","2001.02","0","0","0","0","0","0","0","0"
"54","RS","2001.02","0","0","0","0","0","0","0","0"
"55","RR","2002.03","0","0","0","0","0","0","0","0"
"56","RO","2002.03","0","0","0","0","0","0","0","0"
"57","AC","2002.03","0","0","0","0","0","0","0","0"
"58","AM","2002.03","0","0","0","0","0","0","0","0"
"59","AP","2002.03","0","0","0","0","0","0","0","0"
"60","PA","2002.03","0","0","0","0","0","0","0","0"
"61","TO","2002.03","2.4","2340","833.333333333333","1500","35.7142857142857","5.6","2","3.6"
"62","MA","2002.03","3.3","3450","1303.0303030303","2151.51515151515","37.719298245614","11.4","4.3","7.1"
"63","PI","2002.03","9.8","460","153.061224489796","306.122448979592","33.3333333333333","4.5","1.5","3"
"64","CE","2002.03","14","865","285.714285714286","578.571428571429","33.0578512396694","12.1","4","8.1"
"65","RN","2002.03","20.5","590","195.121951219512","395.121951219512","33.0578512396694","12.1","4","8.1"
"66","PB","2002.03","12.3","1000","333.333333333333","666.666666666667","33.3333333333333","12.3","4.1","8.2"
"67","PE","2002.03","6.2","500","161.290322580645","338.709677419355","32.258064516129","3.1","1","2.1"
"68","AL","2002.03","14.6","490","164.383561643836","328.767123287671","33.3333333333333","7.2","2.4","4.8"
"69","SE","2002.03","0","0","0","0","0","0","0","0"
"70","BA","2002.03","86.3","3300","1319.81460023175","1980.30127462341","39.9929775280899","284.8","113.9","170.9"
"71","MT","2002.03","300.3","3570","1373.95937395937","2196.1371961372","38.4852159313497","1072.1","412.6","659.5"
"72","MS","2002.03","43.6","3720","1431.19266055046","2288.99082568807","38.4710234278668","162.2","62.4","99.8"
"73","GO","2002.03","95.4","3150","1197.06498951782","1952.83018867925","38.0033277870216","300.5","114.2","186.3"
"74","DF","2002.03","2","3900","1500","2400","38.4615384615385","7.8","3","4.8"
"75","MG","2002.03","35.2","2430","911.931818181818","1517.04545454545","37.5438596491228","85.5","32.1","53.4"
"76","ES","2002.03","0","0","0","0","0","0","0","0"
"77","RJ","2002.03","0","0","0","0","0","0","0","0"
"78","SP","2002.03","59.9","2700","1026.71118530885","1672.78797996661","38.0333951762523","161.7","61.5","100.2"
"79","PR","2002.03","29.3","2370","836.17747440273","1532.42320819113","35.3025936599424","69.4","24.5","44.9"
"80","SC","2002.03","0","0","0","0","0","0","0","0"
"81","RS","2002.03","0","0","0","0","0","0","0","0"
"82","RR","2003.04","0","0","0","0","0","0","0","0"
"83","RO","2003.04","0","0","0","0","0","0","0","0"
"84","AC","2003.04","0","0","0","0","0","0","0","0"
"85","AM","2003.04","0","0","0","0","0","0","0","0"
"86","AP","2003.04","0","0","0","0","0","0","0","0"
"87","PA","2003.04","0","0","0","0","0","0","0","0"
"88","TO","2003.04","3.8","3150","1157.89473684211","2000","36.6666666666667","12","4.4","7.6"
"89","MA","2003.04","6.9","3220","1202.89855072464","2014.49275362319","37.3873873873874","22.2","8.3","13.9"
"90","PI","2003.04","13.2","735","242.424242424242","492.424242424242","32.9896907216495","9.7","3.2","6.5"
"91","CE","2003.04","16.8","795","261.904761904762","535.714285714286","32.8358208955224","13.4","4.4","9"
"92","RN","2003.04","23","570","186.95652173913","382.608695652174","32.824427480916","13.1","4.3","8.8"
"93","PB","2003.04","24.6","900","296.747967479675","601.626016260162","33.0316742081448","22.1","7.3","14.8"
"94","PE","2003.04","4.7","500","170.212765957447","340.425531914894","33.3333333333333","2.4","0.8","1.6"
"95","AL","2003.04","9.5","430","136.842105263158","294.736842105263","31.7073170731707","4.1","1.3","2.8"
"96","SE","2003.04","0","0","0","0","0","0","0","0"
"97","BA","2003.04","197.5","3420","1343.79746835443","2076.45569620253","39.2894152479645","675.5","265.4","410.1"
"98","MT","2003.04","438.4","3615","1398.95072992701","2216.01277372263","38.6988894497728","1584.8","613.3","971.5"
"99","MS","2003.04","54.5","3525","1357.79816513761","2166.97247706422","38.5216033315981","192.1","74","118.1"
"100","GO","2003.04","135.6","3285","1247.78761061947","2036.87315634218","37.9883251010328","445.4","169.2","276.2"
"101","DF","2003.04","3.6","2700","1027.77777777778","1666.66666666667","38.1443298969072","9.7","3.7","6"
"102","MG","2003.04","49.3","2585","969.574036511156","1614.60446247465","37.519623233909","127.4","47.8","79.6"
"103","ES","2003.04","0","0","0","0","0","0","0","0"
"104","RJ","2003.04","0","0","0","0","0","0","0","0"
"105","SP","2003.04","72.5","2520","958.620689655172","1561.37931034483","38.0405035577449","182.7","69.5","113.2"
"106","PR","2003.04","46.1","1995","704.989154013015","1290.67245119306","35.3260869565217","92","32.5","59.5"
"107","SC","2003.04","0","0","0","0","0","0","0","0"
"108","RS","2003.04","0","0","0","0","0","0","0","0"
"109","RR","2004.05","0","0","0","0","0","0","0","0"
"110","RO","2004.05","0","0","0","0","0","0","0","0"
"111","AC","2004.05","0","0","0","0","0","0","0","0"
"112","AM","2004.05","0","0","0","0","0","0","0","0"
"113","AP","2004.05","0","0","0","0","0","0","0","0"
"114","PA","2004.05","0","0","0","0","0","0","0","0"
"115","TO","2004.05","1.4","3450","1259.25","2190.75","36.5","4.8","1.76295","3.06705"
"116","MA","2004.05","9","2400","900","1500","37.5","21.6","8.1","13.5"
"117","PI","2004.05","15","675","222.75","452.25","33","10.1","3.34125","6.78375"
"118","CE","2004.05","10.2","630","207.9","422.1","33","6.4","2.12058","4.30542"
"119","RN","2004.05","18.4","555","183.15","371.85","33","10.2","3.36996","6.84204"
"120","PB","2004.05","19.5","795","262.35","532.65","33","17.9","5.115825","10.386675"
"121","PE","2004.05","3.7","525","173.25","351.75","33","1.9","0.641025","1.301475"
"122","AL","2004.05","8.1","370","122.1","247.9","33","3","0.98901","2.00799"
"123","SE","2004.05","0","0","0","0","0","0","0","0"
"124","BA","2004.05","247","3300","1283.7","2016.3","38.9","782.1","317.0739","498.0261"
"125","MT","2004.05","451.6","3420","1289.34","2130.66","37.7","1544.5","582.265944","962.206056"
"126","MS","2004.05","58.9","3060","1168.92","1891.08","38.2","180.2","68.849388","111.384612"
"127","GO","2004.05","143.7","2925","1111.5","1813.5","38","420.3","159.72255","260.59995"
"128","DF","2004.05","4.2","3435","1305.3","2129.7","38","14.4","5.48226","8.94474"
"129","MG","2004.05","54.2","2610","978.75","1631.25","37.5","141.5","53.04825","88.41375"
"130","ES","2004.05","0","0","0","0","0","0","0","0"
"131","RJ","2004.05","0","0","0","0","0","0","0","0"
"132","SP","2004.05","78.3","2040","754.8","1285.2","37","159.7","59.10084","100.63116"
"133","PR","2004.05","56.2","1395","492.435","902.565","35.3","78.4","27.674847","50.724153"
"134","SC","2004.05","0","0","0","0","0","0","0","0"
"135","RS","2004.05","0","0","0","0","0","0","0","0"
"136","RR","2005.06","0","0","0","0","0","0","0","0"
"137","RO","2005.06","0","0","0","0","0","0","0","0"
"138","AC","2005.06","0","0","0","0","0","0","0","0"
"139","AM","2005.06","0","0","0","0","0","0","0","0"
"140","AP","2005.06","0","0","0","0","0","0","0","0"
"141","PA","2005.06","0","0","0","0","0","0","0","0"
"142","TO","2005.06","0","0","0","0","NaN","0","0","0"
"143","MA","2005.06","7.3","2850","1068.75","1781.25","37.5","20.805","7.801875","13.003125"
"144","PI","2005.06","13.8","2820","1015.2","1804.8","36","38.916","14.00976","24.90624"
"145","CE","2005.06","9.7","825","288.75","536.25","35","8.0025","2.800875","5.201625"
"146","RN","2005.06","14.1","680","238","442","35","9.588","3.3558","6.2322"
"147","PB","2005.06","8.5","810","283.5","526.5","35","6.885","2.40975","4.47525"
"148","PE","2005.06","3.2","705","232.65","472.35","33","2.256","0.74448","1.51152"
"149","AL","2005.06","10.2","405","133.65","271.35","33","4.131","1.36323","2.76777"
"150","SE","2005.06","0","0","0","0","0","0","0","0"
"151","BA","2005.06","233.7","3345","1294.515","2050.485","38.7","781.7265","302.5281555","479.1983445"
"152","MT","2005.06","366","3600","1375.2","2224.8","38.2","1317.6","503.3232","814.2768"
"153","MS","2005.06","30","3600","1368","2232","38","108","41.04","66.96"
"154","GO","2005.06","66.7","2905","1089.375","1815.625","37.5","193.7635","72.6613125","121.1021875"
"155","DF","2005.06","2.9","3030","1151.4","1878.6","38","8.787","3.33906","5.44794"
"156","MG","2005.06","30.4","2850","1068.75","1781.25","37.5","86.64","32.49","54.15"
"157","ES","2005.06","0","0","0","0","0","0","0","0"
"158","RJ","2005.06","0","0","0","0","0","0","0","0"
"159","SP","2005.06","43.8","2430","899.1","1530.9","37","106.434","39.38058","67.05342"
"160","PR","2005.06","15.9","1890","667.17","1222.83","35.3","30.051","10.608003","19.442997"
"161","SC","2005.06","0","0","0","0","0","0","0","0"
"162","RS","2005.06","0","0","0","0","0","0","0","0"
"163","RR","2006.07","0","0","0","0","0","0","0","0"
"164","RO","2006.07","0","0","0","0","0","0","0","0"
"165","AC","2006.07","0","0","0","0","0","0","0","0"
"166","AM","2006.07","0","0","0","0","0","0","0","0"
"167","AP","2006.07","0","0","0","0","0","0","0","0"
"168","PA","2006.07","0","0","0","0","0","0","0","0"
"169","TO","2006.07","0.7","3750","1425","2325","38","2.6","1","1.6"
"170","MA","2006.07","7.3","3750","1444","2306","38.5","27.4","10.5","16.9"
"171","PI","2006.07","13.2","1900","684","1216","36","25.1","9","16.1"
"172","CE","2006.07","7.3","500","175","325","35","3.7","1.3","2.4"
"173","RN","2006.07","12.7","665","233","432","35","8.4","3","5.4"
"174","PB","2006.07","5.1","370","130","241","35","1.9","0.7","1.2"
"175","PE","2006.07","2.9","480","158","322","33","1.4","0.5","0.9"
"176","AL","2006.07","11","405","134","271","33","4.5","1.5","3"
"177","SE","2006.07","0","0","0","0","0","0","0","0"
"178","BA","2006.07","293.5","3900","1541","2360","39.5","1144.7","452.1","692.6"
"179","MT","2006.07","542","3705","1445","2260","39","2008.1","783.2","1224.9"
"180","MS","2006.07","45.6","3930","1513","2417","38.5","179.2","69","110.2"
"181","GO","2006.07","76.7","3540","1381","2159","39","271.5","105.9","165.6"
"182","DF","2006.07","1.6","3405","1328","2077","39","5.4","2.1","3.3"
"183","MG","2006.07","32.5","3105","1164","1941","37.5","100.9","37.8","63.1"
"184","ES","2006.07","0","0","0","0","0","0","0","0"
"185","RJ","2006.07","0","0","0","0","0","0","0","0"
"186","SP","2006.07","32","2970","1129","1841","38","95","36.1","58.9"
"187","PR","2006.07","12.7","2190","810","1380","37","27.8","10.3","17.5"
"188","SC","2006.07","0","0","0","0","0","0","0","0"
"189","RS","2006.07","0","0","0","0","0","0","0","0"
"190","RR","2007.08","0","0","0","0","0","0","0","0"
"191","RO","2007.08","0","0","0","0","0","0","0","0"
"192","AC","2007.08","0","0","0","0","0","0","0","0"
"193","AM","2007.08","0","0","0","0","0","0","0","0"
"194","AP","2007.08","0","0","0","0","0","0","0","0"
"195","PA","2007.08","0","0","0","0","0","0","0","0"
"196","TO","2007.08","1.6","3729","1417","2312","38","6","2.3","3.7"
"197","MA","2007.08","12.3","3750","1444","2306","38.5","46.1","17.8","28.3"
"198","PI","2007.08","14.6","3396","1223","2173","36","49.6","17.8","31.8"
"199","CE","2007.08","4.5","745","261","484","35","3.4","1.2","2.2"
"200","RN","2007.08","7.9","776","272","504","35","6.1","2.1","4"
"201","PB","2007.08","4","821","287","534","35","3.3","1.1","2.2"
"202","PE","2007.08","3.1","760","251","509","33","2.4","0.8","1.6"
"203","AL","2007.08","11.6","356.8297","118","239","33","4.1","1.4","2.7"
"204","SE","2007.08","0","0","0","0","0","0","0","0"
"205","BA","2007.08","315.6","3975","1570","2405","39.5","1254.5","495.5","759"
"206","MT","2007.08","541.8","3930","1533","2397","39","2129.3","830.4","1298.9"
"207","MS","2007.08","44.1","4043","1557","2486","38.5","178.3","68.6","109.7"
"208","GO","2007.08","72.5","3750","1463","2288","39","271.9","106","165.9"
"209","DF","2007.08","0","0","0","0","0","0","0","0"
"210","MG","2007.08","20.6","3840","1440","2400","37.5","79.1","29.7","49.4"
"211","ES","2007.08","0","0","0","0","0","0","0","0"
"212","RJ","2007.08","0","0","0","0","0","0","0","0"
"213","SP","2007.08","16.7","3325","1264","2062","38","55.5","21.1","34.4"
"214","PR","2007.08","6.5","2656","983","1673","37","17.3","6.4","10.9"
"215","SC","2007.08","0","0","0","0","0","0","0","0"
"216","RS","2007.08","0","0","0","0","0","0","0","0"
"217","RR","2008.09","0","0","0","0","0","0","0","0"
"218","RO","2008.09","0","0","0","0","0","0","0","0"
"219","AC","2008.09","0","0","0","0","0","0","0","0"
"220","AM","2008.09","0","0","0","0","0","0","0","0"
"221","AP","2008.09","0","0","0","0","0","0","0","0"
"222","PA","2008.09","0","0","0","0","0","0","0","0"
"223","TO","2008.09","2.8","3150","1229","1922","39","8.8","3.4","5.4"
"224","MA","2008.09","12.8","3240","1247","1993","38.5","41.5","16","25.5"
"225","PI","2008.09","11.2","3060","1163","1897","38","34.3","13","21.3"
"226","CE","2008.09","3.8","720","252","468","35","2.7","1","1.7"
"227","RN","2008.09","9","506","177","329","35","4.6","1.6","3"
"228","PB","2008.09","5.2","700","245","455","35","3.6","1.3","2.3"
"229","PE","2008.09","2.5","750","248","503","33","1.9","0.6","1.3"
"230","AL","2008.09","3.1","240","79","161","33","0.7","0.2","0.5"
"231","SE","2008.09","0","0","0","0","0","0","0","0"
"232","BA","2008.09","283.2","3330","1315","2015","39.5","943.1","372.5","570.6"
"233","MT","2008.09","387.4","4065","1585","2480","39","1574.8","614.2","960.6"
"234","MS","2008.09","36.9","3975","1550","2425","39","146.7","57.2","89.5"
"235","GO","2008.09","57.3","4250","1658","2593","39","243.5","95","148.5"
"236","DF","2008.09","0","0","0","0","0","0","0","0"
"237","MG","2008.09","15.3","3796","1461","2335","38.5","58.1","22.4","35.7"
"238","ES","2008.09","0","0","0","0","0","0","0","0"
"239","RJ","2008.09","0","0","0","0","0","0","0","0"
"240","SP","2008.09","7.2","3690","1421","2269","38.5","26.6","10.2","16.4"
"241","PR","2008.09","5.5","2430","923","1507","38","13.4","5.1","8.3"
"242","SC","2008.09","0","0","0","0","0","0","0","0"
"243","RS","2008.09","0","0","0","0","0","0","0","0"
"244","RR","2009.10","0","0","0","0","0","0","0","0"
"245","RO","2009.10","0","0","0","0","0","0","0","0"
"246","AC","2009.10","0","0","0","0","0","0","0","0"
"247","AM","2009.10","0","0","0","0","0","0","0","0"
"248","AP","2009.10","0","0","0","0","0","0","0","0"
"249","PA","2009.10","0","0","0","0","0","0","0","0"
"250","TO","2009.10","4","3450","1346","2105","39","13.8","5.4","8.4"
"251","MA","2009.10","11.3","3810","1486","2324","39","43.1","16.8","26.3"
"252","PI","2009.10","5.9","3450","1363","2087","39.5","20.4","8","12.4"
"253","CE","2009.10","2.7","750","263","488","35","2","0.7","1.3"
"254","RN","2009.10","3","500","175","325","35","1.5","0.5","1"
"255","PB","2009.10","0.5","183","64","119","35","0.1","0","0.1"
"256","PE","2009.10","2.5","600","210","390","35","1.5","0.5","1"
"257","AL","2009.10","1.6","300","105","195","35","0.5","0.2","0.3"
"258","SE","2009.10","0","0","0","0","0","0","0","0"
"259","BA","2009.10","260.8","3900","1560","2340","40","1017.1","406.8","610.3"
"260","MT","2009.10","428.1","3495","1363","2132","39","1496.2","583.5","912.7"
"261","MS","2009.10","38.6","3705","1445","2260","39","143","55.8","87.2"
"262","GO","2009.10","56.7","3975","1542","2433","38.8","225.4","87.4","138"
"263","DF","2009.10","0","0","0","0","NaN","0","0","0"
"264","MG","2009.10","15","3720","1458","2262","39.2","55.8","21.9","33.9"
"265","ES","2009.10","0","0","0","0","0","0","0","0"
"266","RJ","2009.10","0","0","0","0","0","0","0","0"
"267","SP","2009.10","4.9","3380","1318","2062","39","16.6","6.5","10.1"
"268","PR","2009.10","0.1","2051","779","1272","38","0.2","0.1","0.1"
"269","SC","2009.10","0","0","0","0","0","0","0","0"
"270","RS","2009.10","0","0","0","0","0","0","0","0"
"271","RR","2010.12","0","0","0","0","0","0","0","0"
"272","RO","2010.12","0","0","0","0","0","0","0","0"
"273","AC","2010.12","0","0","0","0","0","0","0","0"
"274","AM","2010.12","0","0","0","0","0","0","0","0"
"275","AP","2010.12","0","0","0","0","0","0","0","0"
"276","PA","2010.12","0","0","0","0","0","0","0","0"
"277","TO","2010.12","5.5","3480","1357","2123","39","19.1","7.5","11.6"
"278","MA","2010.12","18.1","3930","1533","2397","39","71.1","27.7","43.4"
"279","PI","2010.12","17.8","3780","1493","2287","39.5","67.3","26.6","40.7"
"280","CE","2010.12","3.1","1010","354","657","35","3.1","1.1","2"
"281","RN","2010.12","3.8","567","198","369","35","2.2","0.8","1.4"
"282","PB","2010.12","1","869","304","565","35","0.9","0.3","0.6"
"283","PE","2010.12","0.8","720","252","468","35","0.6","0.2","0.4"
"284","AL","2010.12","0.6","320","112","208","35","0.2","0.1","0.1"
"285","SE","2010.12","0","0","0","0","0","0","0","0"
"286","BA","2010.12","405.3","3975","1562","2413","39.3","1611.1","633.1","978"
"287","MT","2010.12","723.5","3540","1292","2248","36.5","2561.2","934.8","1626.4"
"288","MS","2010.12","61","3750","1463","2288","39","228.8","89.2","139.6"
"289","GO","2010.12","108.3","3960","1501","2459","37.9","428.9","162.5","266.4"
"290","DF","2010.12","0.7","2435","945","1490","38.8","1.7","0.7","1"
"291","MG","2010.12","31.6","3663","1436","2227","39.2","115.8","45.4","70.4"
"292","ES","2010.12","0","0","0","0","0","0","0","0"
"293","RJ","2010.12","0","0","0","0","0","0","0","0"
"294","SP","2010.12","18.1","4048","1579","2469","39","73.3","28.6","44.7"
"295","PR","2010.12","1.1","2836","1078","1758","38","3.1","1.2","1.9"
"296","SC","2010.12","0","0","0","0","0","0","0","0"
"297","RS","2010.12","0","0","0","0","0","0","0","0"
"298","RR","2011.12","","0","0","0","0","0","0","0"
"299","RO","2011.12","","0","0","0","0","0","0","0"
"300","AC","2011.12","","0","0","0","0","0","0","0"
"301","AM","2011.12","","0","0","0","0","0","0","0"
"302","AP","2011.12","","0","0","0","0","0","0","0"
"303","PA","2011.12","","0","0","0","0","0","0","0"
"304","TO","2011.12","7.5","2900","1131","1769","39","21.8","8.5","13.3"
"305","MA","2011.12","18.6","3975","1550","2425","39","73.9","28.8","45.1"
"306","PI","2011.12","21.3","3480","1357","2123","39","74.1","28.9","45.2"
"307","CE","2011.12","1.3","170","60","111","35","0.2","0.1","0.1"
"308","RN","2011.12","0.5","520","182","338","35","0.3","0.1","0.2"
"309","PB","2011.12","0.2","106","37","69","35","0","0","0"
"310","PE","2011.12","0.8","195","68","127","35","0.2","0.1","0.1"
"311","AL","2011.12","0.2","300","105","195","35","0.1","0","0.1"
"312","SE","2011.12","0","0","0","0","0","0","0","0"
"313","BA","2011.12","417.5","2970","1158","1812","39","1240","483.6","756.4"
"314","MT","2011.12","725.7","3795","1442","2353","38","2754","1046.5","1707.5"
"315","MS","2011.12","62","3545","1365","2180","38.5","219.8","84.6","135.2"
"316","GO","2011.12","89.6","3780","1436","2344","38","338.7","128.7","210"
"317","DF","2011.12","0","0","0","0","","0","0","0"
"318","MG","2011.12","29.6","3600","1411","2189","39.2","106.6","41.8","64.8"
"319","ES","2011.12","0","0","0","0","0","0","0","0"
"320","RJ","2011.12","0","0","0","0","0","0","0","0"
"321","SP","2011.12","17.1","3740","1451","2289","38.8","64","24.8","39.2"
"322","PR","2011.12","1.5","1439","547","892","38","2.2","0.8","1.4"
"323","SC","2011.12","0","0","0","0","0","0","0","0"
"324","RS","2011.12","0","0","0","0","0","0","0","0"
"325","RR","2012.13","0","0","0","0","0","0","0","0"
"326","RO","2012.13","0","0","0","0","0","0","0","0"
"327","AC","2012.13","0","0","0","0","0","0","0","0"
"328","AM","2012.13","0","0","0","0","0","0","0","0"
"329","AP","2012.13","0","0","0","0","0","0","0","0"
"330","PA","2012.13","0","0","0","0","0","0","0","0"
"331","TO","2012.13","6","3150","1213","1937","38.5","18.9","7.3","11.6"
"332","MA","2012.13","16.7","3970","1568","2402","39.5","66.3","26.2","40.1"
"333","PI","2012.13","11.4","3270","1275","1995","39","37.3","14.5","22.8"
"334","CE","2012.13","0.9","295","103","192","35","0.3","0.1","0.2"
"335","RN","2012.13","0.07","3000","1050","1950","35","0.3","0.1","0.2"
"336","PB","2012.13","0.1","300","105","195","35","0","0","0"
"337","PE","2012.13","0.1","380","133","247","35","0","0","0"
"338","AL","2012.13","0.1","320","112","208","35","0","0","0"
"339","SE","2012.13","0","0","0","0","0","0","0","0"
"340","BA","2012.13","271.4","3330","1315","2015","39.5","903.8","357","546.8"
"341","MT","2012.13","475.3","3915","1539","2376","39.3","1860.8","731.3","1129.5"
"342","MS","2012.13","39.5","4365","1724","2641","39.5","172.4","68.1","104.3"
"343","GO","2012.13","46.1","3870","1525","2345","39.4","178.4","70.3","108.1"
"344","DF","2012.13","0","0","0","0","0","0","0","0"
"345","MG","2012.13","20","3375","1316","2059","39","67.5","26.3","41.2"
"346","ES","2012.13","0","0","0","0","0","0","0","0"
"347","RJ","2012.13","0","0","0","0","0","0","0","0"
"348","SP","2012.13","5.8","3615","1428","2187","39.5","21","8.3","12.7"
"349","PR","2012.13","0.8","2625","998","1628","38","2.1","0.8","1.3"
"350","SC","2012.13","0","0","0","0","0","0","0","0"
"351","RS","2012.13","0","0","0","0","0","0","0","0"
"352","RR","2013.14","0","0","0","0","0","0","0","0"
"353","RO","2013.14","0","0","0","0","0","0","0","0"
"354","AC","2013.14","0","0","0","0","0","0","0","0"
"355","AM","2013.14","0","0","0","0","0","0","0","0"
"356","AP","2013.14","0","0","0","0","0","0","0","0"
"357","PA","2013.14","0","0","0","0","0","0","0","0"
"358","TO","2013.14","4.8","4020","1548","2472","38.5","19.3","7.4","11.9"
"359","MA","2013.14","18.6","4140","1635","2505","39.5","77","30.4","46.6"
"360","PI","2013.14","12.1","4125","1629","2496","39.5","49.9","19.7","30.2"
"361","CE","2013.14","1.8","780","273","507","35","1.4","0.5","0.9"
"362","RN","2013.14","0.4","3810","1448","2362","38","1.5","0.6","0.9"
"363","PB","2013.14","0.1","660","231","429","35","0.1","0","0"
"364","PE","2013.14","0.3","540","189","351","35","0.2","0.1","0.1"
"365","AL","2013.14","0.1","480","168","312","35","0","0","0"
"366","SE","2013.14","0","0","0","0","0","0","0","0"
"367","BA","2013.14","319.4","3870","1513","2357","39.1","1236.1","483.3","752.8"
"368","MT","2013.14","643.1","3960","1564","2396","39.5","2546.7","1005.9","1540.7"
"369","MS","2013.14","37.5","4275","1689","2586","39.5","160.3","63.3","97"
"370","GO","2013.14","53.6","3930","1548","2382","39.4","210.6","83","127.7"
"371","DF","2013.14","0","0","0","0","0","0","0","0"
"372","MG","2013.14","20.9","3469","1353","2116","39","72.5","28.3","44.2"
"373","ES","2013.14","0","0","0","0","38","0","0","0"
"374","RJ","2013.14","0","0","0","0","38","0","0","0"
"375","SP","2013.14","8","3375","1333","2042","39.5","27","10.7","16.3"
"376","PR","2013.14","0.9","2375","903","1473","38","2.1","0.8","1.3"
"377","SC","2013.14","0","0","0","0","0","0","0","0"
"378","RS","2013.14","0","0","0","0","0","0","0","0"
"379","RR","2014.15Prev","0","0","0","0","0","0","0","0"
"380","RO","2014.15Prev","0","0","0","0","0","0","0","0"
"381","AC","2014.15Prev","0","0","0","0","0","0","0","0"
"382","AM","2014.15Prev","0","0","0","0","0","0","0","0"
"383","AP","2014.15Prev","0","0","0","0","0","0","0","0"
"384","PA","2014.15Prev","0","0","0","0","0","0","0","0"
"385","TO","2014.15Prev","6.6","3895","1500","2395","38.5","25.7","9.9","15.8"
"386","MA","2014.15Prev","21.4","3984","1574","2410","39.5","85.3","33.7","51.6"
"387","PI","2014.15Prev","14.3","3721","1470","2251","39.5","53.2","21","32.2"
"388","CE","2014.15Prev","1.8","651","228","423","35","1.2","0.4","0.8"
"389","RN","2014.15Prev","0.5","3576","1359","2217","38","1.8","0.7","1.1"
"390","PB","2014.15Prev","0.3","1146","401","745","35","0.3","0.1","0.2"
"391","PE","2014.15Prev","0.1","512","179","333","35","0.1","0","0"
"392","AL","2014.15Prev","0.1","490","172","319","35","0","0","0"
"393","SE","2014.15Prev","0","0","0","0","0","0","0","0"
"394","BA","2014.15Prev","281.1","4050","1584","2466","39.1","1138.5","445.1","693.3"
"395","MT","2014.15Prev","562.7","3875","1531","2344","39.5","2180.5","861.3","1319.2"
"396","MS","2014.15Prev","31","4200","1659","2541","39.5","130.2","51.4","78.8"
"397","GO","2014.15Prev","33.8","4034","1589","2445","39.4","136.3","53.7","82.6"
"398","DF","2014.15Prev","0","0","0","0","0","0","0","0"
"399","MG","2014.15Prev","18.8","3600","1404","2196","39","67.7","26.4","41.3"
"400","ES","2014.15Prev","0","0","0","0","38","0","0","0"
"401","RJ","2014.15Prev","0","0","0","0","38","0","0","0"
"402","SP","2014.15Prev","3.5","3395","1341","2054","39.5","11.9","4.7","7.2"
"403","PR","2014.15Prev","0.9","2179","828","1351","38","2","0.7","1.2"
"404","SC","2014.15Prev","0","0","0","0","0","0","0","0"
"405","RS","2014.15Prev","0","0","0","0","0","0","0","0"
